,Gender,Age,Annual Income,Total Spending,Interests
0,male,22,16,512.5,Cooking
1,male,34,12,358.75,Exercise
2,male,64,13,153.75,Travel
3,male,70,13,717.5,Crafts
4,female,58,22,820,Travel
5,male,250,21,820,Reading
6,male,48,29,51.25,Travel
7,female,55,27,768.75,Travel
8,female,65,29,256.25,Reading
9,female,51,37,307.5,Reading
10,female,51,25,768.75,Strategic games
11,male,43,39,768.75,Strategic games
12,male,60,76,512.5,Crafts
13,male,47,74,512.5,Photography
14,male,20,70,256.25,Hiking
15,male,45,73,410,Travel
16,male,17,79,563.75,Exercise
17,male,55,75,256.25,Gaming
18,female,25,82,512.5,Camping
19,female,41,76,871.25,Entertainment
20,male,47,,871.25,Camping
21,female,38,76,102.5,Camping
22,female,30,78,-102.5,Strategic games
23,male,22,85,205,Hiking
24,female,41,82,666.25,Camping
25,male,33,83,563.75,Sports
26,male,53,93,615,Crafts
27,male,56,94,615,Photography
28,male,63,91,820,Gaming
29,female,43,98,768.75,Crafts
30,male,39,106,973.75,Camping
31,female,33,108,461.25,Crafts
32,male,47,120,820,Crafts
33,male,33,142,871.25,Photography
34,male,41,80,820,Hiking
35,female,33,22,256.25,Reading
36,female,22,88,307.5,Photography
37,female,27,77,615,Travel
38,male,47,27,307.5,Crafts
39,male,62,98,615,Camping
40,male,54,89,717.5,Travel
41,female,44,19,153.75,Cooking
42,female,37,82,-51.25,Travel
43,male,35,18,358.75,Hiking
44,female,35,78,-51.25,Music
45,female,21,76,717.5,Exercise
46,female,45,73,358.75,Hiking
47,male,51,24,768.75,Exercise
48,male,34,109,563.75,Hiking
49,male,48,25,205,Travel
50,female,37,78,102.5,Travel
51,male,32,135,973.75,Hiking
52,female,48,76,922.5,Photography
53,male,16,86,256.25,Photography
54,female,34,89,512.5,Photography
55,female,37,15,563.75,Reading
56,female,37,111,922.5,Camping
57,male,45,73,307.5,Entertainment
58,male,15,85,205,Exercise
59,male,46,23,307.5,Exercise
60,male,33,83,512.5,Automobiles
61,male,37,17,615,Strategic games
62,female,19,77,563.75,Exercise
63,male,48,102,717.5,Crafts
64,male,35,21,666.25,Entertainment
65,male,42,105,820,Yoga
66,female,46,82,820,Exercise
67,male,42,76,820,Photography
68,female,48,25,256.25,Travel
69,female,17,69,358.75,Hiking
70,female,57,25,922.5,Cooking
71,male,53,28,717.5,Cooking
72,female,23,71,512.5,Camping
73,male,29,136,973.75,Camping
74,female,66,21,666.25,Camping
75,female,32,82,153.75,Crafts
76,male,19,88,307.5,Photography
77,female,16,81,256.25,Photography
78,male,46,97,820,Yoga
79,male,39,16,717.5,Reading
80,female,56,95,615,Photography
81,female,52,83,461.25,Entertainment
82,female,55,88,563.75,Crafts
83,female,19,76,563.75,Camping
84,male,62,28,307.5,Hiking
85,female,47,75,871.25,Photography
86,male,42,75,922.5,Art
87,female,43,82,973.75,Camping
88,male,32,79,51.25,Crafts
89,female,63,35,256.25,Strategic games
90,female,57,73,410,Exercise
91,female,49,28,307.5,Hiking
92,female,43,32,820,Entertainment
93,female,46,123,871.25,Photography
94,female,42,20,615,Reading
95,male,60,35,102.5,Entertainment
96,male,19,23,307.5,Cooking
97,female,43,76,410,Strategic games
98,female,41,98,871.25,Gaming
99,male,57,69,256.25,Photography
100,female,60,16,871.25,Gaming
101,male,65,11,205,Cooking
102,female,43,29,973.75,Reading
103,male,32,131,922.5,Crafts
104,male,67,15,820,Hiking
105,female,44,73,512.5,Crafts
106,male,71,24,871.25,Reading
107,male,33,81,153.75,Strategic games
108,female,48,76,563.75,Music
109,female,66,16,256.25,Gaming
110,male,34,134,871.25,Exercise
111,female,60,88,717.5,Photography
112,female,48,38,717.5,Reading
113,male,46,93,871.25,Yoga
114,male,59,20,102.5,Gaming
115,male,65,23,820,Camping
116,female,33,116,307.5,Exercise
117,male,54,37,307.5,Strategic games
118,female,20,74,307.5,Technology
119,female,61,69,512.5,Photography
120,female,66,24,205,Gaming
121,female,50,24,358.75,Hiking
122,male,18,81,307.5,Crafts
123,male,23,79,307.5,Hiking
124,female,41,85,615,Photography
125,female,44,78,666.25,Entertainment
126,female,45,76,871.25,Camping
127,female,24,79,768.75,Photography
128,female,18,75,512.5,Gaming
129,male,23,23,256.25,Cooking
130,male,35,113,410,Camping
131,female,45,99,768.75,Hiking
132,female,44,78,153.75,Camping
133,male,45,99,717.5,Sports
134,male,33,78,102.5,Crafts
135,female,44,76,871.25,Photography
136,female,31,111,358.75,Technology
137,male,27,69,563.75,Exercise
138,female,61,31,717.5,Camping
139,female,65,28,666.25,Reading
140,female,52,28,768.75,Travel
141,female,30,139,1076.25,Exercise
142,female,51,85,717.5,Crafts
143,male,35,80,0,Automobiles
144,male,28,72,666.25,Photography
145,male,58,86,820,Reading
146,male,59,73,563.75,Photography
147,female,18,70,512.5,Crafts
148,male,20,73,102.5,Exercise
149,male,34,16,820,Hiking
150,female,15,70,461.25,Exercise
151,male,63,96,768.75,Crafts
152,male,60,75,102.5,Crafts
153,female,23,80,615,Hiking
154,female,58,23,153.75,Crafts
155,male,59,22,820,Strategic games
156,female,26,81,615,Camping
157,male,38,88,615,Camping
158,female,34,83,717.5,Hiking
159,female,18,84,256.25,Pets
160,male,45,36,717.5,Reading
161,female,37,89,615,Camping
162,male,34,111,410,Art
163,male,18,70,410,Crafts
164,male,45,101,768.75,Photography
165,male,57,91,717.5,Camping
166,female,35,109,461.25,Music
167,female,45,93,717.5,Music
168,male,45,78,871.25,Hiking
169,female,55,25,768.75,Exercise
170,female,19,71,563.75,Yoga
171,female,59,99,717.5,Crafts
172,male,61,91,820,Crafts
173,female,32,79,0,Hiking
174,male,18,12,358.75,Cooking
175,female,32,121,358.75,Gaming
176,female,38,77,102.5,Hiking
177,male,36,20,563.75,Gaming
178,male,19,74,666.25,Art
179,male,17,75,563.75,Photography
180,female,59,38,256.25,Exercise
181,female,49,28,768.75,Gaming
182,male,44,81,973.75,Hiking
183,female,54,31,205,Travel
184,male,41,99,871.25,Music
185,male,47,72,512.5,Exercise
186,female,42,83,717.5,Hiking
187,male,37,19,768.75,Travel
188,female,48,99,768.75,Photography
189,female,29,76,666.25,Camping
190,male,52,26,666.25,Cooking
191,male,55,39,153.75,Exercise
192,male,60,17,153.75,Exercise
193,female,24,66,153.75,Exercise
194,male,32,113,307.5,Hiking
195,female,48,75,768.75,Gaming
196,female,37,26,512.5,Reading
197,female,55,70,153.75,Exercise
198,female,27,78,563.75,Pets
199,male,69,18,615,Reading
200,male,47,67,717.5,Photography
201,female,40,32,871.25,Gaming
202,male,29,109,153.75,Crafts
203,female,56,18,768.75,Entertainment
204,female,17,79,563.75,Strategic games
205,male,59,84,768.75,Pets
206,male,59,96,922.5,Exercise
207,male,17,82,410,Crafts
208,female,60,26,256.25,Strategic games
209,female,32,111,358.75,Hiking
210,male,58,74,563.75,Camping
211,male,41,76,307.5,Gaming
212,female,49,77,922.5,Music
213,male,54,89,563.75,Photography
214,female,44,86,615,Reading
215,female,55,79,102.5,Exercise
216,female,46,72,871.25,Camping
217,female,41,29,871.25,Strategic games
218,female,20,83,256.25,Exercise
219,female,47,74,922.5,Entertainment
220,female,67,20,768.75,Strategic games
221,male,50,30,717.5,Travel
222,male,62,34,256.25,Reading
223,male,37,89,461.25,Technology
224,male,64,23,102.5,Camping
225,male,47,115,871.25,Camping
226,female,49,31,563.75,Gaming
227,female,37,84,512.5,Automobiles
228,male,38,21,256.25,Exercise
229,male,59,22,717.5,Reading
230,male,59,73,666.25,Hiking
231,female,32,138,1025,Yoga
232,female,54,25,768.75,Reading
233,male,66,19,666.25,Crafts
234,female,51,33,871.25,Crafts
235,male,40,76,922.5,Pets
236,female,39,14,717.5,Travel
237,male,47,94,717.5,Crafts
238,male,32,135,1025,Camping
239,male,58,88,717.5,Crafts
240,male,48,120,871.25,Entertainment
241,male,57,70,307.5,Crafts
242,male,59,37,256.25,Crafts
243,male,61,34,256.25,Entertainment
244,male,21,70,205,Hiking
245,female,48,35,820,Camping
246,female,43,34,358.75,Reading
247,female,27,76,717.5,Gaming
248,female,66,25,768.75,Cooking
249,female,45,32,768.75,Reading
250,male,44,94,973.75,Crafts
251,male,50,72,563.75,Hiking
252,male,57,71,205,Photography
253,female,25,72,512.5,Camping
254,male,19,17,358.75,Strategic games
255,male,39,101,1025,Exercise
256,male,32,20,358.75,Cooking
257,female,53,32,768.75,Reading
258,male,40,39,871.25,Reading
259,female,47,23,153.75,Exercise
260,female,46,25,205,Strategic games
261,female,47,97,768.75,Crafts
262,male,56,64,358.75,Photography
263,male,53,33,256.25,Camping
264,male,21,71,153.75,Photography
265,male,33,22,410,Exercise
266,female,35,22,666.25,Hiking
267,female,48,124,820,Photography
268,female,44,88,512.5,Yoga
269,female,24,79,512.5,Hiking
270,female,37,25,615,Exercise
271,male,54,94,768.75,Art
272,female,20,73,512.5,Exercise
273,male,47,25,256.25,Camping
274,male,19,17,358.75,Reading
275,male,46,76,820,Camping
276,female,25,76,717.5,Photography
277,male,58,99,666.25,Exercise
278,male,37,76,-51.25,Technology
279,male,17,66,563.75,Exercise
280,female,45,118,666.25,Pets
281,female,24,81,256.25,Yoga
282,female,16,77,153.75,Art
283,male,16,78,256.25,Yoga
284,male,52,35,717.5,Gaming
285,male,20,78,102.5,Crafts
286,female,47,78,820,Photography
287,female,67,17,205,Reading
288,male,38,18,153.75,Camping
289,female,62,14,102.5,Crafts
290,female,59,26,922.5,Travel
291,female,60,25,205,Reading
292,female,32,131,1127.5,Hiking
293,female,49,68,410,Hiking
294,male,57,69,256.25,Exercise
295,male,45,83,871.25,Crafts
296,male,30,114,461.25,Photography
297,female,64,17,820,Exercise
298,male,23,70,256.25,Entertainment
299,male,49,92,717.5,Travel
300,female,55,29,768.75,Reading
301,male,60,83,768.75,Photography
302,male,43,84,615,Travel
303,male,61,29,205,Camping
304,female,55,32,102.5,Reading
305,male,52,38,768.75,Reading
306,female,48,31,717.5,Strategic games
307,male,23,72,615,Photography
308,male,66,22,820,Hiking
309,male,49,40,717.5,Reading
310,male,55,19,768.75,Gaming
311,female,44,117,871.25,Strategic games
312,female,44,78,871.25,Crafts
313,female,63,26,205,Hiking
314,male,18,17,2050,Strategic games
315,male,33,19,1793.75,Reading
316,female,52,24,1435,Hiking
317,female,35,27,1845,Reading
318,female,44,25,1691.25,Entertainment
319,male,40,27,1588.75,Camping
320,male,35,38,1332.5,Reading
321,female,66,37,1896.25,Camping
322,female,46,41,1845,Reading
323,male,47,38,1383.75,Hiking
324,male,23,74,1486.25,Hiking
325,female,41,72,1845,Yoga
326,male,24,77,1896.25,Exercise
327,male,48,77,1845,Photography
328,male,33,77,1127.5,Hiking
329,male,42,77,973.75,Photography
330,female,56,73,1793.75,Exercise
331,male,49,89,1281.25,Entertainment
332,male,42,83,1025,Exercise
333,female,38,86,1383.75,Exercise
334,male,38,98,1588.75,Technology
335,female,40,106,1947.5,Hiking
336,male,54,98,1230,Hiking
337,female,32,109,1178.75,Photography
338,female,46,122,1435,Sports
339,female,35,25,1742.5,Camping
340,male,36,24,1742.5,Reading
341,female,40,25,1537.5,Crafts
342,male,45,30,1588.75,Entertainment
343,female,48,85,1332.5,Exercise
344,female,36,86,1435,Photography
345,male,55,99,1230,Sports
346,male,54,83,1793.75,Hiking
347,female,34,26,1793.75,Crafts
348,male,47,77,1691.25,Exercise
349,female,50,86,1281.25,Photography
350,female,50,77,1793.75,Crafts
351,female,35,24,1896.25,Reading
352,male,62,41,1845,Cooking
353,male,33,24,1793.75,Exercise
354,female,24,69,1793.75,Exercise
355,male,32,23,1793.75,Reading
356,male,25,75,1691.25,Photography
357,male,36,96,1640,Hiking
358,male,55,100,1230,Technology
359,male,47,80,1025,Photography
360,female,25,70,1793.75,Crafts
361,male,38,31,1588.75,Strategic games
362,male,41,26,1588.75,Camping
363,male,48,80,1281.25,Hiking
364,male,44,78,1076.25,Yoga
365,male,38,38,1486.25,Gaming
366,female,43,71,1742.5,Automobiles
367,female,21,12,1947.5,Hiking
368,female,47,77,1845,Camping
369,male,37,93,1435,Gaming
370,female,49,36,1742.5,Exercise
371,male,48,36,1435,Entertainment
372,female,43,78,1076.25,Camping
373,male,48,28,1640,Gaming
374,female,42,71,1845,Hiking
375,female,43,82,973.75,Reading
376,female,35,87,1486.25,Exercise
377,female,51,42,1793.75,Strategic games
378,male,39,27,1537.5,Exercise
379,female,45,76,1076.25,Photography
380,male,39,89,1281.25,Sports
381,female,55,102,1178.75,Crafts
382,male,40,106,1947.5,Photography
383,male,27,66,1640,Hiking
384,male,37,30,1486.25,Reading
385,female,37,100,1691.25,Exercise
386,female,50,38,1896.25,Reading
387,male,48,39,1845,Strategic games
388,male,48,36,1435,Entertainment
389,male,42,84,1076.25,Crafts
390,male,46,129,1486.25,Photography
391,male,34,85,1332.5,Strategic games
392,female,35,97,1640,Camping
393,male,34,101,1178.75,Gaming
394,male,52,84,1383.75,Crafts
395,female,47,41,1845,Crafts
396,female,57,78,1793.75,Reading
397,male,36,82,1435,Camping
398,male,43,86,1025,Entertainment
399,male,45,131,1383.75,Hiking
400,male,42,123,1383.75,Travel
401,female,53,98,1127.5,Strategic games
402,female,32,79,1127.5,Technology
403,female,24,68,1742.5,Reading
404,female,39,29,1588.75,Gaming
405,female,35,42,1383.75,Camping
406,male,32,19,1947.5,Hiking
407,female,54,101,1230,Hiking
408,female,34,76,1127.5,Crafts
409,male,36,106,1127.5,Photography
410,female,38,98,1640,Crafts
411,female,24,70,1486.25,Exercise
412,female,36,87,1332.5,Crafts
413,female,46,35,1332.5,Strategic games
414,female,58,80,1845,Technology
415,male,36,85,1383.75,Photography
416,female,54,100,1178.75,Camping
417,female,18,12,2050,Reading
418,male,35,19,1742.5,Travel
419,female,27,71,1742.5,Photography
420,female,55,73,1793.75,Art
421,male,37,79,973.75,Hiking
422,male,42,91,1025,Camping
423,female,45,28,1640,Travel
424,female,21,73,1435,Crafts
425,male,57,82,1845,Hiking
426,female,43,66,1742.5,Art
427,female,65,37,1742.5,Hiking
428,female,43,64,1793.75,Hiking
429,female,38,33,1537.5,Entertainment
430,female,34,108,1178.75,Exercise
431,male,43,71,1845,Camping
432,female,37,20,1845,Camping
433,female,35,24,1845,Reading
434,male,40,83,1435,Crafts
435,female,52,96,1178.75,Photography
436,female,51,86,1383.75,Camping
437,male,43,98,1998.75,Photography
438,female,51,42,1845,Entertainment
439,female,46,131,1486.25,Entertainment
440,male,47,39,1435,Hiking
441,female,50,80,1332.5,Automobiles
442,female,26,67,1793.75,Photography
443,male,41,100,1998.75,Art
444,female,19,9,1998.75,Camping
445,female,34,19,1742.5,Cooking
446,male,49,34,1435,Exercise
447,male,65,34,1896.25,Reading
448,male,42,100,1998.75,Reading
449,male,41,31,1486.25,Camping
450,male,,105,1230,Exercise
451,female,40,35,1332.5,Gaming
452,male,46,76,1896.25,Sports
453,female,46,44,1896.25,Cooking
454,male,37,32,1640,Cooking
455,male,34,105,1178.75,Crafts
456,female,50,72,1845,Camping
457,female,19,16,2050,Reading
458,female,53,77,1793.75,Camping
459,female,32,106,1178.75,Hiking
460,male,57,77,1793.75,Exercise
461,female,65,36,1845,Travel
462,male,35,101,1640,Music
463,female,45,79,1076.25,Exercise
464,female,50,36,1332.5,Entertainment
465,male,34,16,1845,Reading
466,male,34,24,1793.75,Entertainment
467,male,35,99,1588.75,Photography
468,female,48,33,1435,Exercise
469,female,46,73,1076.25,Technology
470,female,45,28,1640,Reading
471,female,43,74,1076.25,Automobiles
472,female,47,78,1845,Camping
473,female,33,24,1793.75,Reading
474,male,49,43,1896.25,Crafts
475,female,50,22,1537.5,Reading
476,female,46,24,1640,Cooking
477,male,36,34,1332.5,Travel
478,male,54,20,1435,Travel
479,male,56,76,1845,Photography
480,male,52,22,1537.5,Strategic games
481,female,41,96,1998.75,Exercise
482,female,42,26,1640,Reading
483,male,51,74,1793.75,Gaming
484,female,46,124,1435,Pets
485,male,42,87,1076.25,Technology
486,male,45,124,1486.25,Crafts
487,female,39,100,1998.75,Photography
488,male,45,39,1793.75,Reading
489,female,50,77,1845,Photography
490,female,38,87,1332.5,Hiking
491,male,36,82,1486.25,Hiking
492,male,23,71,1742.5,Camping
493,male,33,16,1845,Strategic games
494,male,50,21,1537.5,Camping
495,male,37,96,1640,Hiking
496,female,33,101,1230,Art
497,male,53,27,1435,Camping
498,female,48,80,1793.75,Exercise
499,female,35,97,1691.25,Photography
500,female,350,75,1845,Photography
501,male,42,83,1025,Photography
502,female,17,13,1845,Reading
503,male,47,40,1845,Strategic games
504,female,53,108,1230,Photography
505,male,38,97,1640,Exercise
506,female,44,72,1025,Technology
507,male,21,71,1435,Music
508,male,35,40,1332.5,Reading
509,female,41,28,1537.5,Gaming
510,female,26,72,1793.75,Automobiles
511,female,44,30,1537.5,Strategic games
512,male,37,95,1691.25,Crafts
513,female,55,77,1640,Hiking
514,female,46,78,1076.25,Crafts
515,male,35,24,1742.5,Travel
516,female,27,74,1793.75,Yoga
517,female,45,28,1691.25,Reading
518,female,38,20,1742.5,Camping
519,male,54,81,1793.75,Gaming
520,female,48,73,1845,Photography
521,female,35,76,1076.25,Crafts
522,female,40,83,1025,Entertainment
523,female,43,77,1076.25,Travel
524,male,52,84,1332.5,Gaming
525,male,40,100,1998.75,Photography
526,male,42,73,1845,Camping
527,female,37,24,1742.5,Hiking
528,male,48,77,1845,Exercise
529,male,39,96,1588.75,Camping
530,male,42,72,1793.75,Camping
531,male,34,21,1742.5,Hiking
532,female,37,100,1640,Gaming
533,female,25,73,1537.5,Gaming
534,male,42,88,1025,Photography
535,male,41,26,1588.75,Hiking
536,male,47,41,1845,Strategic games
537,male,40,98,1947.5,Camping
538,male,39,100,1947.5,Crafts
539,male,46,24,1588.75,Travel
540,male,42,85,1127.5,Hiking
541,male,31,19,1742.5,Cooking
542,female,49,41,1435,Hiking
543,male,37,97,1640,Crafts
544,male,35,28,1588.75,Reading
545,female,35,20,1793.75,Travel
546,female,53,25,1486.25,Cooking
547,male,34,21,1845,Reading
548,male,32,85,1127.5,Crafts
549,male,48,37,1435,Crafts
550,male,51,22,1486.25,Hiking
551,female,53,84,1742.5,Hiking
552,male,36,92,1640,Camping
553,male,35,86,1383.75,Hiking
554,female,46,127,1435,Crafts
555,female,34,19,1742.5,Reading
556,female,50,82,1281.25,Entertainment
557,female,36,21,1793.75,Reading
558,male,46,121,1281.25,Photography
559,female,46,78,1793.75,Hiking
560,male,50,36,1793.75,Gaming
561,female,31,80,1127.5,Sports
562,male,43,83,1076.25,Photography
563,female,46,27,1691.25,Reading
564,male,36,96,1588.75,Camping
565,female,35,98,1178.75,Photography
566,male,46,45,1896.25,Reading
567,female,47,28,1640,Camping
568,female,34,24,1793.75,Reading
569,female,18,15,1896.25,Strategic games
570,female,55,96,1178.75,Crafts
571,male,19,14,1998.75,Entertainment
572,female,42,96,1947.5,Entertainment
573,male,20,17,2050,Travel
574,female,35,18,1793.75,Exercise
575,male,23,67,1486.25,Photography
576,female,43,82,1025,Photography
577,male,57,101,1230,Photography
578,male,48,76,1896.25,Crafts
579,female,45,85,1076.25,Exercise
580,male,36,32,1332.5,Reading
581,male,44,75,973.75,Sports
582,male,37,96,1640,Photography
583,male,47,43,1435,Camping
584,female,58,76,1793.75,Crafts
585,female,53,98,1127.5,Photography
586,male,46,43,1383.75,Exercise
587,male,47,43,1435,Strategic games
588,female,48,27,1640,Gaming
589,female,49,82,1281.25,Hiking
590,female,35,18,1793.75,Exercise
591,female,23,76,1640,Automobiles
592,female,37,97,1691.25,Pets
593,female,41,90,2050,Photography
594,male,51,21,1486.25,Reading
595,female,52,28,1486.25,Strategic games
596,male,46,76,1025,Hiking
597,female,42,76,973.75,Hiking
598,male,22,71,1537.5,Camping
599,female,53,18,1486.25,Camping
600,female,35,,1332.5,Entertainment
601,male,39,101,1537.5,Travel
602,male,34,91,1332.5,Entertainment
603,female,42,83,1025,Sports
604,male,36,88,1332.5,Photography
605,male,34,21,1845,Reading
606,female,34,107,1178.75,Entertainment
607,female,48,81,1896.25,Exercise
608,female,38,32,1588.75,Crafts
609,male,43,126,1435,Photography
610,female,18,12,1947.5,Reading
611,female,37,98,1588.75,Exercise
612,female,24,70,1486.25,Yoga
613,female,50,40,1845,Gaming
614,male,42,100,2050,Strategic games
615,male,46,128,1435,Hiking
616,male,42,103,1998.75,Camping
617,female,40,26,1640,Crafts
618,male,33,15,2050,Cooking
619,female,32,43,2050,Exercise
620,male,32,42,1998.75,Reading
621,female,47,59,1998.75,Gaming
622,male,39,57,1845,Reading
623,female,21,59,2050,Hiking
624,male,51,69,1947.5,Art
625,female,38,67,1947.5,Hiking
626,female,35,69,1998.75,Photography
627,female,39,62,1896.25,Camping
628,male,24,59,1998.75,Gaming
629,female,15,57,1947.5,Exercise
630,female,39,64,1998.75,Crafts
631,female,41,65,2050,Hiking
632,male,19,63,1998.75,Hiking
633,female,34,62,2050,Crafts
634,female,30,76,2050,Sports
635,male,43,65,2050,Crafts
636,female,20,64,1998.75,Pets
637,female,37,65,1998.75,Automobiles
638,male,33,19,2050,Entertainment
639,female,20,60,2050,Photography
640,male,47,50,1998.75,Gaming
641,male,22,62,1947.5,Camping
642,male,49,46,1998.75,Crafts
643,male,46,46,1896.25,Camping
644,female,60,66,1998.75,Hiking
645,male,66,58,1896.25,Reading
646,female,68,60,2050,Sports
647,female,21,62,1998.75,Camping
648,male,30,39,1998.75,Camping
649,male,23,60,2050,Photography
650,female,19,66,1998.75,Photography
651,male,30,36,2050,Reading
652,male,22,15,2101.25,Entertainment
653,male,52,40,2716.25,Sports
654,female,29,43,2511.25,Yoga
655,male,48,37,2613.75,Automobiles
656,female,28,40,2716.25,Art
657,female,46,42,2255,Entertainment
658,female,46,47,2101.25,Art
659,female,53,42,2716.25,Gaming
660,female,70,41,2203.75,Pets
661,female,31,45,2665,Travel
662,male,52,49,2255,Technology
663,male,68,46,2921.25,Strategic games
664,female,21,44,2613.75,Strategic games
665,female,69,49,2613.75,Technology
666,male,54,46,2870,Gaming
667,female,62,47,2562.5,Photography
668,male,15,50,2767.5,Crafts
669,female,41,46,2511.25,Art
670,female,68,44,2562.5,Exercise
671,female,21,46,3126.25,Strategic games
672,female,30,55,2460,Reading
673,male,72,48,2665,Automobiles
674,female,49,52,2203.75,Photography
675,male,56,48,2665,Pets
676,female,60,47,3023.75,Travel
677,female,61,54,2408.75,Music
678,male,25,57,2921.25,Music
679,female,45,55,2818.75,Entertainment
680,female,38,62,2408.75,Music
681,female,20,57,2665,Pets
682,male,57,55,2511.25,Sports
683,female,36,54,2870,Technology
684,female,64,62,2152.5,Pets
685,male,46,54,2101.25,Yoga
686,male,21,51,3023.75,Automobiles
687,male,45,55,2460,Music
688,female,54,57,2870,Entertainment
689,male,21,55,2818.75,Art
690,male,51,57,2408.75,Crafts
691,female,65,57,2921.25,Strategic games
692,female,17,58,2306.25,Sports
693,male,45,62,2460,Pets
694,male,30,59,2152.5,Exercise
695,female,21,63,2408.75,Camping
696,female,48,57,2408.75,Technology
697,female,27,62,2665,Entertainment
698,female,44,58,2152.5,Exercise
699,male,22,63,2613.75,Technology
700,female,49,62,2408.75,Art
701,female,67,62,2972.5,Sports
702,male,24,61,2818.75,Photography
703,female,48,64,3023.75,Entertainment
704,female,20,66,2152.5,Camping
705,male,66,62,2562.5,Gaming
706,male,54,65,2460,Yoga
707,male,67,64,2460,Technology
708,male,66,63,2562.5,Exercise
709,male,67,66,2562.5,Art
710,male,18,69,2665,Sports
711,male,42,64,2203.75,Travel
712,female,17,61,2460,Reading
713,female,19,63,2357.5,Hiking
714,male,20,63,2562.5,Photography
715,male,62,63,2152.5,Photography
716,male,54,64,3075,Strategic games
717,female,52,71,2921.25,Art
718,male,27,68,2921.25,Art
719,male,39,70,2972.5,Automobiles
720,female,26,79,2152.5,Sports
721,female,61,48,2562.5,Photography
722,male,68,44,2665,Gaming
723,female,20,66,2716.25,Exercise
724,female,58,53,2408.75,Yoga
725,male,25,68,2870,Art
726,female,64,62,2613.75,Hiking
727,female,16,47,2665,Automobiles
728,male,57,54,2255,Automobiles
729,male,64,53,2562.5,Travel
730,female,54,47,3023.75,Exercise
731,female,48,54,2152.5,Photography
732,male,69,44,2408.75,Sports
733,female,19,63,2562.5,Travel
734,female,24,57,2767.5,Crafts
735,female,31,39,2306.25,Pets
736,male,63,62,2357.5,Yoga
737,female,46,55,2460,Pets
738,male,52,49,2613.75,Music
739,female,26,54,2767.5,Gaming
740,female,67,61,2921.25,Hiking
741,female,26,47,2665,Camping
742,female,45,46,2460,Art
743,male,14,65,2511.25,Strategic games
744,female,53,41,2306.25,Crafts
745,male,64,49,2613.75,Art
746,female,41,51,2665,Pets
747,female,67,60,2306.25,Crafts
748,male,60,49,2972.5,Reading
749,female,24,62,2613.75,Exercise
750,male,65,66,2460,Travel
751,male,23,59,2767.5,Gaming
752,female,66,59,2665,Reading
753,male,48,43,2460,Strategic games
754,female,32,47,2511.25,Automobiles
755,female,20,60,2767.5,Camping
756,female,26,64,2972.5,Art
757,female,66,66,2203.75,Gaming
758,female,53,49,3177.5,Entertainment
759,female,54,44,2408.75,Gaming
760,male,28,36,2152.5,Photography
761,male,70,43,2203.75,Automobiles
762,male,26,57,2408.75,Entertainment
763,female,51,68,2818.75,Camping
764,female,44,57,2767.5,Yoga
765,female,24,64,2870,Entertainment
766,female,26,41,2511.25,Exercise
767,male,48,44,2306.25,Music
768,male,67,43,2665,Travel
769,male,23,69,2203.75,Entertainment
770,male,52,57,2255,Automobiles
771,male,46,63,2716.25,Yoga
772,female,46,62,2306.25,Hiking
773,female,48,64,3075,Photography
774,male,56,60,2921.25,Crafts
775,female,40,60,2152.5,Music
776,female,69,47,2460,Strategic games
777,male,63,52,2767.5,Entertainment
778,male,69,67,2357.5,Sports
779,female,17,58,2152.5,Automobiles
780,male,69,43,2972.5,Art
781,female,50,63,2511.25,Automobiles
782,female,19,64,2613.75,Automobiles
783,female,69,64,3023.75,Yoga
784,female,54,42,2255,Crafts
785,male,21,48,2818.75,Travel
786,male,15,69,2357.5,Gaming
787,male,52,37,2921.25,Music
788,male,24,54,2767.5,Yoga
789,male,49,68,2101.25,Technology
790,female,38,66,2255,Photography
791,male,44,64,3023.75,Technology
792,female,53,53,2152.5,Exercise
793,female,60,52,2152.5,Camping
794,female,66,56,2818.75,Music
795,female,21,58,2921.25,Entertainment
796,female,70,50,2921.25,Photography
797,male,47,60,2306.25,Travel
798,male,66,68,2562.5,Exercise
799,female,21,58,2921.25,Pets
800,male,28,46,2460,Camping
801,male,50,61,2511.25,Camping
802,female,47,60,2357.5,Automobiles
803,male,62,46,2511.25,Sports
804,male,50,51,2357.5,Pets
805,female,57,55,2357.5,Hiking
806,male,26,41,2562.5,Sports
807,female,16,49,2870,Gaming
808,male,70,49,2818.75,Entertainment
809,female,20,63,2511.25,Pets
810,female,24,54,2767.5,Sports
811,female,22,51,2870,Sports
812,male,65,61,2716.25,Music
813,male,52,74,2255,Crafts
814,female,17,60,2408.75,Art
815,female,45,61,2408.75,Reading
816,male,23,58,2716.25,Gaming
817,female,41,72,2101.25,Technology
818,female,27,75,2818.75,Technology
819,male,68,47,2767.5,Yoga
820,female,19,50,3023.75,Hiking
821,female,49,43,2665,Art
822,female,18,67,2357.5,Gaming
823,male,19,60,2562.5,Strategic games
824,male,18,67,2818.75,Art
825,male,49,67,3023.75,Hiking
826,female,37,53,2818.75,Camping
827,male,67,45,2716.25,Travel
828,male,20,64,2716.25,Gaming
829,female,49,62,2101.25,Sports
830,female,48,40,2306.25,Sports
831,male,18,67,2511.25,Gaming
832,female,32,42,2665,Sports
833,female,61,44,2767.5,Exercise
834,male,49,46,2562.5,Travel
835,male,54,47,2972.5,Yoga
836,male,65,61,2255,Gaming
837,male,64,63,2203.75,Camping
838,female,52,54,2255,Yoga
839,male,52,47,2460,Music
840,female,19,62,2613.75,Pets
841,female,33,45,2767.5,Photography
842,female,33,52,2716.25,Music
843,female,45,59,2306.25,Yoga
844,female,62,68,2152.5,Pets
845,female,58,56,2562.5,Entertainment
846,male,26,76,2203.75,Music
847,male,50,39,2203.75,Camping
848,male,27,67,2767.5,Automobiles
849,male,19,71,2408.75,Pets
850,male,47,54,2306.25,Entertainment
851,female,48,64,2357.5,Yoga
852,male,68,60,2408.75,Hiking
853,female,52,63,2972.5,Photography
854,female,30,44,2511.25,Pets
855,female,68,63,2818.75,Entertainment
856,male,48,46,2152.5,Travel
857,male,50,59,2255,Camping
858,male,19,63,2203.75,Music
859,female,50,59,2408.75,Hiking
860,male,71,47,2357.5,Art
861,female,63,64,2408.75,Exercise
862,male,49,67,2870,Technology
863,male,30,78,2203.75,Art
864,female,22,51,2818.75,Art
865,male,65,50,2203.75,Gaming
866,female,61,52,2818.75,Strategic games
867,male,68,47,2203.75,Pets
868,female,24,47,2716.25,Yoga
869,female,51,63,2818.75,Music
870,male,49,43,2460,Sports
871,male,55,54,2921.25,Reading
872,male,15,57,2357.5,Exercise
873,female,18,62,2255,Photography
874,male,47,47,2357.5,Art
875,female,29,40,2255,Technology
876,male,48,57,2203.75,Reading
877,male,62,51,2460,Reading
878,male,68,43,2921.25,Music
879,male,21,59,2818.75,Technology
880,male,69,43,2972.5,Sports
881,male,22,60,2665,Camping
882,male,17,47,3075,Automobiles
883,male,73,60,2613.75,Camping
884,male,33,40,2818.75,Yoga
885,female,48,56,2152.5,Technology
886,female,27,40,2665,Gaming
887,male,66,62,2716.25,Music
888,female,25,53,2716.25,Crafts
889,female,68,44,2716.25,Music
890,male,21,63,2716.25,Exercise
891,male,19,60,2613.75,Camping
892,female,17,61,2511.25,Photography
893,male,29,15,2101.25,Crafts
894,female,70,66,2870,Travel
895,female,70,48,2101.25,Art
896,male,55,46,3126.25,Reading
897,male,64,50,2767.5,Pets
898,male,44,43,2101.25,Travel
899,female,19,65,2511.25,Camping
900,male,67,45,2460,Crafts
901,male,30,58,2613.75,Art
902,male,19,55,2101.25,Sports
903,female,38,52,2870,Music
904,male,22,59,2408.75,Entertainment
905,male,34,46,2562.5,Exercise
906,male,22,66,2767.5,Sports
907,male,26,35,2152.5,Hiking
908,male,48,58,2306.25,Hiking
909,male,18,68,2255,Photography
910,male,19,45,2972.5,Exercise
911,female,65,52,2152.5,Hiking
912,female,68,62,2511.25,Entertainment
913,female,40,67,3023.75,Camping
914,male,52,45,2562.5,Strategic games
915,female,44,47,2511.25,Reading
916,female,25,47,2716.25,Technology
917,male,50,44,2408.75,Entertainment
918,male,38,68,2870,Art
919,male,16,55,2972.5,Yoga
920,male,65,50,2460,Hiking
921,male,38,53,2716.25,Reading
922,female,45,52,2152.5,Crafts
923,female,43,62,2460,Travel
924,female,20,70,2511.25,Reading
925,female,28,61,2818.75,Hiking
926,male,38,55,2460,Hiking
927,male,49,54,2665,Reading
928,male,56,43,2972.5,Reading
929,female,40,52,2921.25,Strategic games
930,male,61,46,2460,Music
931,male,31,60,2562.5,Camping
932,female,59,43,2511.25,Crafts
933,male,69,48,2767.5,Strategic games
934,female,50,47,2460,Yoga
935,female,49,52,2511.25,Travel
936,male,56,54,2613.75,Travel
937,male,15,58,2408.75,Yoga
938,male,66,46,2255,Technology
939,female,61,46,2716.25,Art
940,female,58,-100,2408.75,Pets
941,male,28,45,2665,Entertainment
942,female,24,57,2818.75,Entertainment
943,male,20,44,2665,Camping
944,male,29,61,2613.75,Photography
945,male,32,41,2818.75,Crafts
946,female,20,66,2613.75,Yoga
947,female,48,41,2152.5,Camping
948,female,24,55,2818.75,Art
949,male,53,66,2357.5,Photography
950,female,48,,2306.25,Music
951,male,23,60,2101.25,Photography
952,male,39,71,2870,Photography
953,female,52,42,2511.25,Pets
954,male,25,64,2767.5,Gaming
955,female,23,63,2972.5,Reading
956,female,17,63,2460,Technology
957,female,22,56,2972.5,Gaming
958,male,41,47,2562.5,Yoga
959,male,23,60,2870,Art
960,male,28,64,2562.5,Hiking
961,male,48,64,2460,Reading
962,female,20,48,3075,Exercise
963,female,61,48,2562.5,Yoga
964,female,49,54,2101.25,Sports
965,male,47,64,2511.25,Art
966,male,42,49,2408.75,Hiking
967,female,27,65,2818.75,Crafts
968,female,17,69,2408.75,Crafts
969,male,26,63,2818.75,Music
970,male,62,49,2408.75,Music
971,female,50,59,2408.75,Yoga
972,male,38,69,2972.5,Gaming
973,male,36,30,3177.5,Technology
974,male,32,35,3075,Exercise
975,female,29,42,2870,Gaming
976,male,60,39,3075,Yoga
977,male,34,58,3075,Reading
978,female,36,84,3177.5,Sports
979,male,58,41,3023.75,Pets
980,male,34,45,3075,Automobiles
981,female,33,42,3023.75,Photography
982,female,30,87,3126.25,Crafts
983,female,62,45,3126.25,Travel
984,female,60,40,2870,Art
985,male,33,43,3075,Entertainment
986,male,33,42,3075,Camping
987,female,31,43,3126.25,Sports
988,female,35,45,3126.25,Art
989,male,29,43,3177.5,Camping
990,female,60,39,3075,Technology
991,female,33,43,3075,Automobiles
992,female,61,49,2921.25,Crafts
993,female,31,57,3126.25,Strategic games
994,male,60,39,3023.75,Sports
995,female,56,49,3075,Yoga
996,female,57,43,3075,Yoga
997,male,30,81,3177.5,Reading
998,female,32,57,3126.25,Travel
999,female,66,44,3126.25,Camping
1000,male,37,45,3126.25,Camping
1001,male,61,39,3023.75,Reading
1002,male,61,46,3023.75,Sports
1003,male,38,55,3023.75,Camping
1004,male,31,40,3126.25,Sports
1005,male,61,43,2972.5,Technology
1006,male,34,41,3023.75,Yoga
1007,female,39,24,3126.25,Yoga
1008,male,40,32,3177.5,Automobiles
1009,female,32,28,3075,Sports
1010,male,36,26,3177.5,Reading
1011,male,29,41,3075,Art
1012,female,30,40,3126.25,Camping
1013,female,29,44,3075,Crafts
1014,male,35,59,3075,Yoga
1015,male,29,43,3126.25,Gaming
1016,female,33,46,3075,Automobiles
1017,female,34,55,3126.25,Music
1018,female,20,12,4151.25,Yoga
1019,male,25,19,4766.25,Gardening
1020,male,35,27,5022.5,Music
1021,female,36,14,4971.25,Music
1022,male,30,20,4253.75,Yoga
1023,female,21,33,4458.75,Art
1024,male,19,45,4663.75,Music
1025,male,21,19,4202.5,Yoga
1026,male,21,49,4766.25,Technology
1027,female,39,60,4663.75,Entertainment
1028,female,40,76,4766.25,Hiking
1029,female,27,89,4510,Art
1030,female,30,66,4817.5,Reading
1031,male,33,81,4561.25,Yoga
1032,female,24,67,4971.25,Technology
1033,female,33,68,4561.25,Crafts
1034,female,38,85,4510,Exercise
1035,female,26,62,4561.25,Technology
1036,male,28,70,4202.5,Entertainment
1037,male,30,80,4715,Yoga
1038,male,32,95,4766.25,Art
1039,male,34,91,4715,Gaming
1040,female,28,108,4407.5,Gaming
1041,male,37,89,4612.5,Entertainment
1042,male,34,92,4356.25,Crafts
1043,female,29,96,4510,Camping
1044,female,31,104,4971.25,Music
1045,female,35,118,4356.25,Entertainment
1046,male,38,126,4715,Entertainment
1047,female,31,148,4202.5,Hiking
1048,male,28,76,4612.5,Entertainment
1049,male,35,22,5022.5,Entertainment
1050,female,29,84,4920,Travel
1051,female,18,39,4766.25,Yoga
1052,male,34,92,4612.5,Hiking
1053,female,20,23,4715,Music
1054,female,29,107,5022.5,Music
1055,female,31,67,4868.75,Entertainment
1056,female,22,42,4458.75,Exercise
1057,male,18,43,4663.75,Crafts
1058,female,27,54,5022.5,Yoga
1059,female,30,67,4458.75,Technology
1060,male,31,75,4817.5,Reading
1061,male,39,123,4715,Entertainment
1062,male,30,67,4202.5,Strategic games
1063,female,37,114,4715,Crafts
1064,female,28,79,4561.25,Art
1065,female,31,80,4817.5,Technology
1066,female,38,71,4510,Gaming
1067,male,29,128,4253.75,Reading
1068,female,22,29,4151.25,Yoga
1069,male,27,67,4253.75,Technology
1070,female,22,14,4151.25,Reading
1071,male,30,96,5022.5,Entertainment
1072,female,36,7,5073.75,Travel
1073,male,21,21,4356.25,Yoga
1074,male,38,89,4561.25,Travel
1075,female,31,81,4971.25,Travel
1076,male,38,94,4663.75,Art
1077,male,31,84,4817.5,Technology
1078,male,35,30,5073.75,Yoga
1079,female,32,81,4407.5,Hiking
1080,female,32,85,4612.5,Technology
1081,male,28,76,4971.25,Travel
1082,male,37,74,4612.5,Technology
1083,female,27,101,4253.75,Technology
1084,male,31,72,4458.75,Strategic games
1085,female,30,86,4920,Entertainment
1086,female,33,87,4766.25,Travel
1087,male,28,34,4151.25,Yoga
1088,female,29,65,4458.75,Hiking
1089,male,32,93,4715,Technology
1090,male,34,0,5022.5,Travel
1091,female,32,29,4202.5,Gardening
1092,female,36,16,5022.5,Yoga
1093,male,25,55,4663.75,Yoga
1094,female,29,60,4561.25,Entertainment
1095,male,29,73,4971.25,Technology
1096,female,31,129,4202.5,Travel
1097,female,30,113,4356.25,Technology
1098,male,32,79,4766.25,Travel
1099,female,40,59,4817.5,Art
1100,male,18,23,4715,Reading
1101,female,28,75,4561.25,Camping
1102,female,17,25,4715,Yoga
1103,female,35,66,4612.5,Travel
1104,female,34,52,4510,Yoga
1105,female,29,83,4253.75,Travel
1106,female,21,30,4151.25,Music
1107,male,29,20,4202.5,Yoga
1108,male,28,89,4715,Travel
1109,female,37,67,4612.5,Music
1110,male,31,85,4766.25,Entertainment
1111,female,23,13,4868.75,Music
1112,male,33,77,4612.5,Technology
1113,female,35,93,4715,Hiking
1114,male,24,15,4920,Technology
1115,female,19,16,4151.25,Music
1116,female,40,76,4663.75,Reading
1117,female,33,75,4766.25,Technology
1118,female,34,106,4407.5,Entertainment
1119,female,29,152,4253.75,Travel
1120,male,28,71,4561.25,Music
1121,male,40,60,4663.75,Technology
1122,female,30,83,4253.75,Technology
1123,female,30,87,4817.5,Travel
1124,female,29,34,4202.5,Music
1125,female,29,75,4510,Entertainment
1126,female,28,60,4253.75,Hiking
1127,male,23,13,4868.75,Art
1128,male,32,97,4458.75,Travel
1129,female,27,61,5022.5,Art
1130,male,25,61,4510,Technology
1131,female,39,116,4663.75,Travel
1132,female,18,40,4100,Yoga
1133,female,32,75,4868.75,Hiking
1134,male,39,84,4868.75,Exercise
1135,female,29,97,4458.75,Travel
1136,male,23,29,4458.75,Travel
1137,female,23,79,4612.5,Technology
1138,female,38,75,4971.25,Music
1139,male,38,75,4766.25,Travel
1140,female,38,91,4663.75,Art
1141,male,31,94,4458.75,Hiking
1142,female,33,31,5073.75,Crafts
1143,male,32,158,4305,Travel
1144,female,31,72,4766.25,Travel
1145,male,32,72,4715,Gaming
1146,male,22,10,4100,Gardening
1147,male,39,67,4817.5,Art
1148,male,23,12,4202.5,Hiking
1149,female,23,36,4715,Music
1150,male,27,83,5022.5,Strategic games
1151,male,31,87,4766.25,Yoga
1152,male,37,110,4817.5,Art
1153,male,35,99,4868.75,Strategic games
1154,female,30,135,4253.75,Entertainment
1155,male,38,13,5125,Travel
1156,male,32,104,4817.5,Yoga
1157,female,28,71,4253.75,Reading
1158,female,38,27,5176.25,Art
1159,male,28,126,4253.75,Travel
1160,male,33,78,4817.5,Music
1161,male,15,46,4715,Art
1162,female,20,8,4202.5,Music
1163,male,30,88,4407.5,Reading
1164,male,31,90,4407.5,Art
1165,male,30,93,4407.5,Entertainment
1166,male,41,77,4868.75,Yoga
1167,female,36,127,4305,Music
1168,female,33,95,4817.5,Technology
1169,male,37,85,4715,Technology
1170,female,32,14,5073.75,Reading
1171,female,24,34,4458.75,Music
1172,female,24,37,4407.5,Camping
1173,female,24,27,4202.5,Art
1174,male,36,97,4715,Travel
1175,male,39,106,4510,Travel
1176,male,28,76,4561.25,Entertainment
1177,male,29,103,4561.25,Entertainment
1178,female,34,137,4305,Technology
1179,female,24,16,4151.25,Technology
1180,female,28,112,4407.5,Reading
1181,female,29,80,4407.5,Technology
1182,female,21,50,4100,Yoga
1183,female,25,12,4766.25,Entertainment
1184,male,21,31,4253.75,Camping
1185,female,23,51,4715,Travel
1186,male,38,81,4458.75,Hiking
1187,male,34,6,5176.25,Yoga
1188,male,37,14,5073.75,Art
1189,male,31,92,4971.25,Yoga
1190,female,36,36,5073.75,Crafts
1191,male,30,109,4458.75,Hiking
1192,male,25,78,4510,Travel
1193,male,33,83,4715,Entertainment
1194,male,25,24,4817.5,Travel
1195,male,32,77,4971.25,Music
1196,male,36,105,4510,Entertainment
1197,male,33,76,4458.75,Travel
1198,male,27,81,5022.5,Exercise
1199,male,26,38,4510,Yoga
1200,female,27,81,4458.75,Travel
1201,female,30,94,4407.5,Gaming
1202,female,38,49,4920,Crafts
1203,male,35,92,4407.5,Hiking
1204,male,33,53,4407.5,Reading
1205,female,28,93,4202.5,Crafts
1206,female,41,64,4868.75,Travel
1207,female,33,82,4766.25,Gaming
1208,male,24,47,4663.75,Music
1209,female,29,94,4971.25,Reading
1210,male,39,62,4868.75,Entertainment
1211,male,31,81,4510,Travel
1212,male,30,80,4458.75,Reading
1213,male,31,79,4253.75,Entertainment
1214,male,35,91,4612.5,Yoga
1215,male,40,64,4817.5,Yoga
1216,female,40,57,4868.75,Art
1217,female,33,100,4305,Hiking
1218,male,24,52,4612.5,Reading
1219,male,41,76,4612.5,Art
1220,female,29,79,4561.25,Hiking
1221,female,28,98,4561.25,Technology
1222,female,29,73,4868.75,Travel
1223,male,33,100,4663.75,Exercise
1224,male,31,82,4407.5,Hiking
1225,male,34,89,4663.75,Travel
1226,female,36,25,5022.5,Yoga
1227,female,25,85,4971.25,Music
1228,male,30,110,4868.75,Hiking
1229,male,17,7,4766.25,Entertainment
1230,male,29,92,4305,Crafts
1231,female,33,64,4612.5,Entertainment
1232,female,38,72,4715,Entertainment
1233,male,34,78,4920,Technology
1234,female,34,69,4561.25,Reading
1235,female,30,126,4971.25,Hiking
1236,male,23,10,4100,Music
1237,male,28,82,4971.25,Entertainment
1238,male,27,88,4510,Technology
1239,male,27,82,4561.25,Reading
1240,female,36,68,4920,Technology
1241,male,34,18,4920,Art
1242,female,29,93,4305,Hiking
1243,male,23,23,4458.75,Travel
1244,male,29,83,4971.25,Art
1245,male,23,20,4817.5,Yoga
1246,female,35,29,5176.25,Yoga
1247,male,37,118,4663.75,Reading
1248,male,31,83,4766.25,Travel
1249,male,31,86,4715,Travel
1250,male,34,66,4561.25,Entertainment
1251,female,37,98,4817.5,Crafts
1252,male,19,24,4100,Yoga
1253,female,39,64,4663.75,Hiking
1254,female,20,36,4817.5,Music
1255,female,25,43,4715,Music
1256,male,39,69,4868.75,Art
1257,female,28,72,4407.5,Entertainment
1258,male,27,64,4510,Art
1259,female,38,57,4715,Yoga
1260,male,38,78,4715,Technology
1261,female,31,101,4766.25,Music
1262,male,16,36,4766.25,Yoga
1263,male,21,12,4100,Hiking
1264,female,33,90,4407.5,Entertainment
1265,female,37,102,4305,Music
1266,female,28,23,4253.75,Travel
1267,female,41,75,4817.5,Technology
1268,male,31,90,4407.5,Hiking
1269,male,31,91,4458.75,Technology
1270,female,29,97,4510,Hiking
1271,female,40,63,4868.75,Entertainment
1272,male,25,21,4407.5,Yoga
1273,female,34,78,4561.25,Strategic games
1274,female,40,72,4663.75,Yoga
1275,female,29,37,4202.5,Music
1276,female,26,35,4510,Camping
1277,female,24,4,4305,Music
1278,male,19,50,4151.25,Art
1279,male,33,86,4458.75,Entertainment
1280,female,29,59,4561.25,Hiking
1281,female,36,107,4612.5,Hiking
1282,male,34,90,4817.5,Art
1283,female,29,99,4971.25,Travel
1284,male,40,72,4868.75,Entertainment
1285,female,31,78,4253.75,Entertainment
1286,female,32,94,4458.75,Technology
1287,male,25,18,4817.5,Art
1288,male,24,65,4561.25,Technology
1289,male,22,39,4817.5,Exercise
1290,female,18,39,4663.75,Music
1291,female,31,71,4253.75,Entertainment
1292,female,23,37,4100,Art
1293,male,38,102,4715,Travel
1294,male,32,87,4817.5,Travel
1295,male,29,142,4253.75,Strategic games
1296,male,35,90,4868.75,Hiking
1297,female,30,86,4356.25,Camping
1298,female,29,125,4253.75,Reading
1299,male,33,79,4253.75,Technology
1300,female,29,,4510,Music
1301,female,33,87,4407.5,Travel
1302,female,29,72,4407.5,Gaming
1303,male,16,18,4612.5,Travel
1304,female,29,82,4202.5,Hiking
1305,female,27,69,4305,Reading
1306,female,31,77,4202.5,Gaming
1307,male,31,69,4458.75,Travel
1308,male,32,84,4868.75,Entertainment
1309,female,35,97,4920,Entertainment
1310,male,40,65,4715,Entertainment
1311,male,26,33,4715,Entertainment
1312,male,34,73,4612.5,Reading
1313,female,31,70,4458.75,Hiking
1314,female,22,3,4868.75,Gardening
1315,male,30,95,5022.5,Yoga
1316,female,22,21,4663.75,Art
1317,female,30,107,4458.75,Technology
1318,female,29,133,4253.75,Travel
1319,female,25,23,4715,Yoga
1320,female,35,97,4612.5,Travel
1321,male,30,81,4715,Technology
1322,male,35,59,4612.5,Hiking
1323,female,22,13,4202.5,Music
1324,male,37,42,4971.25,Camping
1325,male,20,17,4151.25,Yoga
1326,female,26,27,4202.5,Art
1327,male,29,74,4510,Technology
1328,female,41,67,3228.75,Technology
1329,female,45,67,3228.75,Reading
1330,male,25,20,3946.25,Yoga
1331,female,21,18,3895,Yoga
1332,female,29,17,3690,Reading
1333,female,24,24,3946.25,Yoga
1334,female,19,19,4048.75,Music
1335,female,25,15,3485,Yoga
1336,female,27,20,3792.5,Yoga
1337,female,35,20,3638.75,Crafts
1338,male,22,26,3690,Yoga
1339,female,30,40,3792.5,Yoga
1340,female,21,39,3843.75,Yoga
1341,male,25,41,3280,Entertainment
1342,female,27,72,3946.25,Art
1343,female,40,72,3895,Technology
1344,male,37,69,3843.75,Entertainment
1345,female,26,75,3690,Travel
1346,male,30,74,3792.5,Entertainment
1347,female,38,73,3741.25,Camping
1348,male,31,76,3741.25,Entertainment
1349,female,41,77,3843.75,Entertainment
1350,female,32,81,4100,Yoga
1351,female,29,78,3690,Entertainment
1352,female,37,83,3843.75,Technology
1353,male,24,84,3792.5,Hiking
1354,male,29,88,3587.5,Music
1355,male,31,106,3485,Music
1356,female,30,103,3638.75,Entertainment
1357,female,35,113,4100,Exercise
1358,female,36,128,3792.5,Exercise
1359,male,30,108,3485,Exercise
1360,male,24,18,3946.25,Yoga
1361,female,31,101,3485,Music
1362,male,32,76,3997.5,Art
1363,female,20,31,3587.5,Technology
1364,male,23,39,3280,Yoga
1365,female,29,89,3946.25,Technology
1366,male,18,17,3382.5,Entertainment
1367,female,22,23,3433.75,Hiking
1368,female,34,76,3792.5,Entertainment
1369,male,34,82,3690,Crafts
1370,male,30,76,3690,Technology
1371,male,36,76,3843.75,Technology
1372,male,27,99,3433.75,Hiking
1373,female,29,21,3690,Art
1374,female,28,76,3843.75,Entertainment
1375,male,18,29,3433.75,Art
1376,male,35,69,3843.75,Entertainment
1377,female,38,84,3843.75,Exercise
1378,female,18,17,3997.5,Music
1379,male,40,69,3792.5,Travel
1380,male,33,64,3946.25,Technology
1381,female,31,75,3741.25,Technology
1382,female,36,77,3638.75,Technology
1383,female,22,23,3485,Crafts
1384,female,16,20,3997.5,Yoga
1385,female,38,75,3792.5,Hiking
1386,male,40,80,3792.5,Hiking
1387,female,26,24,3690,Music
1388,female,39,79,3792.5,Entertainment
1389,female,37,86,3895,Entertainment
1390,female,21,36,3946.25,Yoga
1391,male,25,18,3946.25,Music
1392,female,26,90,3792.5,Travel
1393,female,33,80,3792.5,Technology
1394,male,28,72,3587.5,Travel
1395,female,23,16,3895,Art
1396,male,36,71,3895,Travel
1397,male,22,18,3280,Yoga
1398,female,26,22,3997.5,Music
1399,male,36,70,3843.75,Travel
1400,male,37,83,3895,Art
1401,female,31,71,3997.5,Travel
1402,male,31,66,3638.75,Travel
1403,male,21,13,4048.75,Art
1404,male,18,24,3433.75,Music
1405,female,32,19,3690,Technology
1406,female,29,82,3690,Technology
1407,female,43,73,3843.75,Music
1408,female,25,17,4100,Music
1409,male,29,87,3741.25,Travel
1410,female,31,74,4048.75,Entertainment
1411,male,37,124,3946.25,Technology
1412,male,36,80,3895,Entertainment
1413,female,25,99,3536.25,Yoga
1414,female,32,69,3587.5,Yoga
1415,female,31,24,3638.75,Art
1416,female,37,79,3946.25,Technology
1417,male,19,15,3843.75,Yoga
1418,female,28,21,3638.75,Music
1419,female,32,24,3741.25,Art
1420,female,34,78,3690,Entertainment
1421,female,37,69,3843.75,Reading
1422,female,30,74,3843.75,Crafts
1423,male,20,19,3946.25,Art
1424,male,30,76,3792.5,Technology
1425,female,25,91,3485,Exercise
1426,male,37,126,3792.5,Entertainment
1427,male,23,39,3331.25,Yoga
1428,male,38,87,3843.75,Music
1429,female,24,20,3792.5,Gardening
1430,male,28,200000,4048.75,Music
1431,female,24,88,3536.25,Crafts
1432,female,33,72,3587.5,Reading
1433,female,22,20,4048.75,Yoga
1434,female,37,77,3843.75,Technology
1435,female,37,75,3792.5,Crafts
1436,male,25,39,3485,Entertainment
1437,female,38,76,3741.25,Crafts
1438,male,40,73,3792.5,Entertainment
1439,male,25,20,3997.5,Reading
1440,male,31,96,3433.75,Travel
1441,male,38,84,3895,Camping
1442,male,27,30,3690,Music
1443,female,33,81,3895,Reading
1444,female,35,76,3741.25,Art
1445,female,37,70,3792.5,Art
1446,female,40,73,3895,Travel
1447,male,27,82,3997.5,Technology
1448,female,27,23,3792.5,Music
1449,male,32,79,3792.5,Yoga
1450,male,25,16,3895,Yoga
1451,female,32,115,4048.75,Travel
1452,male,32,75,3690,Music
1453,female,31,71,3895,Travel
1454,male,17,20,3895,Travel
1455,female,24,20,3792.5,Entertainment
1456,female,31,69,3895,Entertainment
1457,male,27,36,3741.25,Travel
1458,female,28,27,3638.75,Entertainment
1459,male,31,72,3843.75,Entertainment
1460,male,35,70,3792.5,Strategic games
1461,male,37,73,3792.5,Travel
1462,female,39,74,3843.75,Travel
1463,male,31,79,3997.5,Entertainment
1464,female,36,73,3895,Travel
1465,female,30,40,3228.75,Music
1466,female,20,23,3382.5,Art
1467,female,25,76,3792.5,Hiking
1468,female,22,18,4100,Technology
1469,female,31,108,3536.25,Technology
1470,female,30,83,3280,Travel
1471,female,32,80,3638.75,Travel
1472,male,18,40,3792.5,Entertainment
1473,female,19,25,3638.75,Yoga
1474,female,28,27,3741.25,Travel
1475,female,22,24,3741.25,Technology
1476,male,31,75,3741.25,Technology
1477,male,27,25,3741.25,Music
1478,female,28,24,3638.75,Crafts
1479,female,29,103,3433.75,Travel
1480,male,22,23,3895,Reading
1481,male,23,20,3843.75,Music
1482,male,20,19,3895,Yoga
1483,male,36,71,3690,Gaming
1484,female,28,74,3792.5,Travel
1485,female,26,28,3690,Yoga
1486,female,32,78,3638.75,Technology
1487,female,28,100,3587.5,Gaming
1488,female,22,37,3331.25,Music
1489,female,31,127,3792.5,Reading
1490,female,37,80,3946.25,Strategic games
1491,female,36,30,3228.75,Music
1492,male,32,79,3843.75,Reading
1493,male,25,128,3895,Technology
1494,male,23,18,3997.5,Art
1495,female,31,105,3638.75,Entertainment
1496,female,36,83,3792.5,Travel
1497,male,36,85,3843.75,Hiking
1498,male,40,76,3997.5,Yoga
1499,male,30,31,3638.75,Entertainment
1500,female,24,40,3331.25,Crafts
1501,female,28,24,3690,Yoga
1502,male,32,76,3741.25,Reading
1503,male,26,86,3843.75,Hiking
1504,male,32,104,3536.25,Entertainment
1505,male,34,19,3690,Yoga
1506,female,36,78,3536.25,Travel
1507,female,22,21,4100,Yoga
1508,female,42,78,3843.75,Travel
1509,female,31,74,3792.5,Entertainment
1510,male,32,29,3741.25,Music
1511,male,26,91,3536.25,Crafts
1512,female,32,76,3638.75,Technology
1513,female,29,99,3382.5,Entertainment
1514,female,37,76,3741.25,Entertainment
1515,male,25,21,3536.25,Music
1516,male,29,22,3792.5,Art
1517,female,20,21,3433.75,Reading
1518,male,34,103,3433.75,Technology
1519,male,32,130,3843.75,Yoga
1520,female,28,87,3843.75,Entertainment
1521,male,23,22,3382.5,Yoga
1522,female,25,17,3997.5,Yoga
1523,female,23,21,3382.5,Travel
1524,male,25,75,3741.25,Entertainment
1525,female,21,17,3228.75,Crafts
1526,female,27,28,3741.25,Yoga
1527,male,18,19,3331.25,Music
1528,female,38,86,3946.25,Hiking
1529,female,30,86,3280,Travel
1530,male,34,125,3997.5,Yoga
1531,male,34,74,3536.25,Travel
1532,male,31,35,3690,Hiking
1533,female,24,22,3792.5,Crafts
1534,female,27,68,3690,Crafts
1535,male,31,73,3741.25,Entertainment
1536,male,34,86,3843.75,Hiking
1537,female,33,70,3741.25,Hiking
1538,male,32,128,3843.75,Travel
1539,male,31,69,3690,Art
1540,male,24,30,3895,Yoga
1541,male,20,23,3331.25,Reading
1542,female,21,28,3741.25,Reading
1543,female,24,16,4048.75,Yoga
1544,male,31,74,3843.75,Gaming
1545,male,18,23,4100,Crafts
1546,female,27,16,3741.25,Music
1547,female,38,72,3690,Entertainment
1548,female,35,79,3895,Hiking
1549,female,25,37,3331.25,Crafts
1550,male,27,85,3946.25,Entertainment
1551,male,34,89,3843.75,Technology
1552,male,55,47,3228.75,Reading
1553,female,33,123,4151.25,Entertainment
1554,male,23,23,3843.75,Travel
1555,male,,29,3792.5,Yoga
1556,female,36,74,3638.75,Exercise
1557,male,31,75,4100,Entertainment
1558,male,27,67,4048.75,Hiking
1559,male,22,21,3690,Reading
1560,male,31,71,3895,Technology
1561,male,30,80,3638.75,Gaming
1562,female,27,75,3946.25,Travel
1563,female,32,78,3638.75,Technology
1564,female,29,77,3792.5,Hiking
1565,female,31,71,3638.75,Entertainment
1566,male,27,103,3587.5,Entertainment
1567,male,34,77,3638.75,Music
1568,male,30,88,3280,Travel
1569,female,29,75,3843.75,Entertainment
1570,male,29,69,4048.75,Exercise
1571,female,33,32,3741.25,Art
1572,male,30,94,3485,Technology
1573,male,21,33,3946.25,Art
1574,female,32,20,3690,Reading
1575,male,31,78,3792.5,Gaming
1576,female,18,16,3741.25,Music
1577,male,31,83,3587.5,Entertainment
1578,male,36,82,3843.75,Strategic games
1579,male,33,87,3382.5,Technology
1580,female,24,20,3895,Yoga
1581,female,18,32,3946.25,Crafts
1582,male,30,76,3792.5,Entertainment
1583,male,27,87,3741.25,Yoga
1584,female,28,86,3536.25,Reading
1585,female,27,83,3485,Reading
1586,female,34,65,4048.75,Technology
1587,male,28,28,3792.5,Art
1588,female,37,122,4100,Strategic games
1589,male,36,103,3587.5,Reading
1590,male,31,25,3638.75,Travel
1591,male,29,71,3587.5,Entertainment
1592,female,29,93,3895,Art
1593,male,23,18,3843.75,Music
1594,male,24,83,3433.75,Travel
1595,male,33,88,3228.75,Entertainment
1596,male,33,81,3741.25,Technology
1597,female,34,70,3997.5,Reading
1598,female,25,39,3433.75,Entertainment
1599,male,30,90,3536.25,Travel
